locus	tissue	gene	symbol	nsnps	PP.H0	PP.H1	PP.H2	PP.H3	PP.H4
CRP	blood	ENSG00000197403	OR6N1	2013	0.0	0.8043	0.0	0.1118	0.0838
CRP	blood	ENSG00000163563	MNDA	2221	0.0	0.8111	0.0	0.1571	0.0318
CRP	blood	ENSG00000158764	?	783	0.9299	0.0139	0.0541	0.0008	0.0012
CRP	blood	ENSG00000158773	?	484	0.9358	0.008	0.0546	0.0005	0.0012
CRP	blood	ENSG00000158714	SLAMF8	3395	0.0	0.0	0.0	1.0	0.0
CRP	blood	ENSG00000162729	IGSF8	3395	0.0	0.0	0.0	1.0	0.0
CRP	blood	ENSG00000122218	COPA	2912	0.0	0.0	0.0	1.0	0.0
CRP	blood	ENSG00000272668	VSIG8-AS1	3395	0.0	0.0	0.0	1.0	0.0
CRP	blood	ENSG00000143315	PIGM	3395	0.0	0.0	0.0	1.0	0.0
CRP	blood	ENSG00000162736	NCSTN	2911	0.0	0.0	0.0	1.0	0.0
CRP	blood	ENSG00000143318	CASQ1	3395	0.0	0.0	0.0	1.0	0.0
CRP	liver	ENSG00000272668	VSIG8-AS1	3171	0.0	0.0	0.0	1.0	0.0
CRP	lung	ENSG00000197403	OR6N1	2015	0.0	0.7679	0.0	0.1311	0.101
CRP	lung	ENSG00000203757	OR6K3	1850	0.0	0.824	0.0	0.138	0.038
CRP	lung	ENSG00000163568	AIM2	3169	0.0	0.7327	0.0	0.2322	0.0351
CRP	lung	ENSG00000162729	IGSF8	3383	0.0	0.0204	0.0	0.9787	0.0009
CRP	lung	ENSG00000270149	?	496	0.9398	0.0083	0.0506	0.0004	0.0008
CRP	lung	ENSG00000288775	lncRNA	3383	0.0	0.0048	0.0	0.9948	0.0004
CRP	lung	ENSG00000143318	CASQ1	3383	0.0	0.0004	0.0	0.9996	0.0
CRP	lung	ENSG00000272668	VSIG8-AS1	3383	0.0	0.0	0.0	1.0	0.0
HNF1A	blood	ENSG00000212694	LINC01089	2410	0.0	0.8222	0.0	0.1361	0.0416
HNF1A	blood	ENSG00000139714	?	2879	0.0	0.7673	0.0	0.1936	0.0391
HNF1A	blood	ENSG00000158104	?	2229	0.0	0.718	0.0	0.2567	0.0253
HNF1A	blood	ENSG00000110987	?	1659	0.6951	0.1307	0.1379	0.0259	0.0103
HNF1A	blood	ENSG00000111725	?	581	0.9372	0.0139	0.0465	0.0007	0.0016
HNF1A	blood	ENSG00000175970	UNC119B	3474	0.0	0.0041	0.0	0.9956	0.0002
HNF1A	blood	ENSG00000257218	GATC	3378	0.0	0.001	0.0	0.9989	0.0
HNF1A	blood	ENSG00000135124	P2RX4	3474	0.0	0.0	0.0	0.9999	0.0
HNF1A	blood	ENSG00000167272	POP5	3474	0.0	0.0001	0.0	0.9999	0.0
HNF1A	blood	ENSG00000157895	C12orf43	3474	0.0	0.0	0.0	1.0	0.0
HNF1A	blood	ENSG00000110871	COQ5	3474	0.0	0.0	0.0	1.0	0.0
HNF1A	liver	ENSG00000248636	?	545	0.9392	0.0122	0.0469	0.0006	0.0011
HNF1A	liver	ENSG00000224982	?	295	0.9708	0.0029	0.0259	0.0001	0.0003
HNF1A	lung	ENSG00000212694	LINC01089	2388	0.0	0.5161	0.0	0.196	0.2878
HNF1A	lung	ENSG00000274292	?	2398	0.0	0.7043	0.0	0.1562	0.1395
HNF1A	lung	ENSG00000272849	?	2404	0.0	0.7063	0.0	0.1919	0.1017
HNF1A	lung	ENSG00000158023	?	2008	0.0	0.8156	0.0	0.1258	0.0586
HNF1A	lung	ENSG00000111737	?	2173	0.0	0.8156	0.0	0.1517	0.0327
HNF1A	lung	ENSG00000135124	P2RX4	3444	0.0	0.0051	0.0	0.9928	0.0021
HNF1A	lung	ENSG00000139719	?	623	0.9393	0.0143	0.0444	0.0007	0.0013
HNF1A	lung	ENSG00000248636	?	576	0.9453	0.014	0.039	0.0006	0.0012
HNF1A	lung	ENSG00000111725	?	576	0.9434	0.0139	0.0411	0.0006	0.001
HNF1A	lung	ENSG00000278344	lncRNA	3444	0.0	0.005	0.0	0.9948	0.0002
HNF1A	lung	ENSG00000255946	lncRNA	3444	0.0	0.0013	0.0	0.9985	0.0002
HNF1A	lung	ENSG00000089094	KDM2B	3180	0.0	0.0023	0.0	0.9976	0.0001
HNF1A	lung	ENSG00000167272	POP5	3444	0.0	0.0017	0.0	0.9982	0.0001
HNF1A	lung	ENSG00000157895	C12orf43	3444	0.0	0.0	0.0	1.0	0.0
HNF1A	lung	ENSG00000110871	COQ5	3444	0.0	0.0	0.0	1.0	0.0
TNFSF15	blood	ENSG00000138835	?	377	0.9604	0.0098	0.0285	0.0003	0.001
TNFSF15	blood	ENSG00000181634	TNFSF15	3237	0.0	0.0001	0.0002	0.9988	0.0009
TNFSF15	blood	ENSG00000119431	?	197	0.9765	0.0059	0.017	0.0001	0.0006
TNFSF15	blood	ENSG00000119411	?	141	0.985	0.0042	0.0104	0.0	0.0004
TNFSF15	blood	ENSG00000229314	ORM1	3237	0.0	0.0	0.0002	0.9998	0.0
TNFSF15	blood	ENSG00000095397	WHRN	3237	0.0	0.0	0.0002	0.9998	0.0
TNFSF15	lung	ENSG00000157653	?	271	0.9702	0.0064	0.0226	0.0001	0.0006
TNFSF15	lung	ENSG00000148218	?	241	0.9702	0.0062	0.0229	0.0001	0.0006
TNFSF15	lung	ENSG00000119431	?	189	0.9773	0.0053	0.0168	0.0001	0.0005
TNFSF15	lung	ENSG00000148225	?	112	0.9886	0.003	0.0081	0.0	0.0002
chr15	blood	ENSG00000259548	?	2155	0.8157	0.0372	0.1371	0.0062	0.0038
chr15	blood	ENSG00000259332	?	1829	0.806	0.0326	0.1521	0.0062	0.0031
chr15	blood	ENSG00000286813	?	1912	0.8384	0.0351	0.1187	0.005	0.0028
chr15	blood	ENSG00000180953	?	1829	0.8477	0.0343	0.1108	0.0045	0.0027
chr15	blood	ENSG00000140391	?	259	0.9595	0.0202	0.0183	0.0004	0.0016
chr15	blood	ENSG00000167202	TBC1D2B	3412	0.0	0.0	0.0001	0.9999	0.0
chr15	blood	ENSG00000259792	lncRNA	3163	0.0	0.0	0.0001	0.9999	0.0
chr15	blood	ENSG00000136381	IREB2	4514	0.0	0.0	0.0001	0.9999	0.0
chr15	blood	ENSG00000103811	CTSH	4733	0.0	0.0	0.0001	0.9999	0.0
chr15	blood	ENSG00000136425	CIB2	3549	0.0	0.0	0.0001	0.9999	0.0
chr15	lung	ENSG00000259792	lncRNA	3112	0.0	0.3361	0.0	0.6457	0.0182
chr15	lung	ENSG00000286813	?	1890	0.8009	0.0327	0.1566	0.0064	0.0034
chr15	lung	ENSG00000180953	?	1811	0.8437	0.0336	0.1156	0.0046	0.0025
chr15	lung	ENSG00000058335	RASGRF1	4387	0.0	0.0016	0.0001	0.9981	0.0002
chr15	lung	ENSG00000103811	CTSH	4661	0.0	0.0003	0.0001	0.9996	0.0
chr15	lung	ENSG00000136425	CIB2	3499	0.0	0.0	0.0001	0.9999	0.0
