locus	gene	symbol	tissues	max_PPH3	max_PPH4	in_CVD
CRP	ENSG00000162729	IGSF8	blood+lung	1.0	0.0009	True
CRP	ENSG00000288775	lncRNA	lung	0.9948	0.0004	False
CRP	ENSG00000122218	COPA	blood	1.0	0.0	False
CRP	ENSG00000143315	PIGM	blood	1.0	0.0	True
CRP	ENSG00000143318	CASQ1	blood+lung	1.0	0.0	True
CRP	ENSG00000158714	SLAMF8	blood	1.0	0.0	False
CRP	ENSG00000162736	NCSTN	blood	1.0	0.0	False
CRP	ENSG00000272668	VSIG8-AS1	blood+liver+lung	1.0	0.0	False
HNF1A	ENSG00000135124	P2RX4	blood+lung	0.9999	0.0021	True
HNF1A	ENSG00000175970	UNC119B	blood	0.9956	0.0002	False
HNF1A	ENSG00000255946	lncRNA	lung	0.9985	0.0002	False
HNF1A	ENSG00000278344	lncRNA	lung	0.9948	0.0002	False
HNF1A	ENSG00000089094	KDM2B	lung	0.9976	0.0001	False
HNF1A	ENSG00000167272	POP5	blood+lung	0.9999	0.0001	False
HNF1A	ENSG00000110871	COQ5	blood+lung	1.0	0.0	True
HNF1A	ENSG00000157895	C12orf43	blood+lung	1.0	0.0	False
HNF1A	ENSG00000257218	GATC	blood	0.9989	0.0	False
TNFSF15	ENSG00000181634	TNFSF15	blood	0.9988	0.0009	False
TNFSF15	ENSG00000095397	WHRN	blood	0.9998	0.0	False
TNFSF15	ENSG00000229314	ORM1	blood	0.9998	0.0	True
chr15	ENSG00000259792	lncRNA	blood+lung	0.9999	0.0182	False
chr15	ENSG00000058335	RASGRF1	lung	0.9981	0.0002	False
chr15	ENSG00000103811	CTSH	blood+lung	0.9999	0.0	True
chr15	ENSG00000136381	IREB2	blood	0.9999	0.0	False
chr15	ENSG00000136425	CIB2	blood+lung	0.9999	0.0	False
chr15	ENSG00000167202	TBC1D2B	blood	0.9999	0.0	False
