gene	nsnps	PP.H0	PP.H1	PP.H2	PP.H3	PP.H4
ENSG00000212694	2410	2.12987278325144e-05	0.822202591600546	3.52787366174035e-06	0.136146172708854	0.0416264090891059
ENSG00000139714	2879	1.9877486671646e-05	0.767338129918055	5.0155084030477e-06	0.193576505830327	0.0390604712565434
ENSG00000158104	2229	1.85999207677864e-05	0.718019470634642	6.64943418791292e-06	0.25666522358781	0.0252900564225926
ENSG00000110987	1659	0.69509751319589	0.130728760920414	0.137914855430272	0.0259276671647713	0.0103312032886524
ENSG00000111725	581	0.937241577355924	0.0139326551475569	0.0464977172816415	0.000689577832661929	0.00163847238221564
ENSG00000175970	3474	1.0726948496137e-07	0.00414096610841847	2.57909439571096e-05	0.995617735678742	0.00021539999939756
ENSG00000257218	3378	2.66598290368527e-08	0.00102915980336919	2.58760031993264e-05	0.998901424601768	4.3512931834927e-05
ENSG00000135124	3474	5.7832882250829e-10	2.23254549454659e-05	2.59028066092413e-05	0.999936213467869	1.55576922468111e-05
ENSG00000167272	3474	1.93258026997008e-09	7.4604156089929e-05	2.59016481721495e-05	0.999891501432156	7.99083100235904e-06
ENSG00000157895	3474	3.41409041831107e-14	1.31795474905036e-09	2.59037811978435e-05	0.999973851208911	2.43691902532116e-07
ENSG00000110871	3474	4.13669300912123e-13	1.5969038685952e-08	2.59037839320758e-05	0.999973956879877	1.23366738972452e-07
